inputfile,,,,,,,,,,,min,lower,avg,median,upper,max,variance
ant-1.3.csv balance,0.46140065147337717,0.46140065147337717,0.46140065147337717,0.46140065147337717,0.46140065147337717,0.46140065147337717,0.46140065147337717,0.46140065147337717,0.46140065147337717,0.46140065147337717,0.46140065147337717,0.46140065147337717,0.4614006514733771,0.46140065147337717,0.46140065147337717,0.46140065147337717,5.851389114294502e-17
ant-1.3.csv balance,0.39554751072447125,0.504842039450347,0.39554751072447125,0.504842039450347,0.504842039450347,0.39554751072447125,0.504842039450347,0.504842039450347,0.615345370918964,0.504842039450347,0.39554751072447125,0.4228711429059402,0.483104013979446,0.504842039450347,0.504842039450347,0.615345370918964,0.06937935234008064
ant-1.3.csv balance,0.48642571081525376,0.6701462540812252,0.6701462540812252,0.6701462540812252,0.6701462540812252,0.6701462540812252,0.6701462540812252,0.6701462540812252,0.6701462540812252,0.6701462540812252,0.48642571081525376,0.6701462540812252,0.6517741997546281,0.6701462540812252,0.6701462540812252,0.6701462540812252,0.058097536968397964
ant-1.3.csv balance,0.6028597358619054,0.6028597358619054,0.6028597358619054,0.6028597358619054,0.6028597358619054,0.6028597358619054,0.6028597358619054,0.6028597358619054,0.6028597358619054,0.6028597358619054,0.6028597358619054,0.6028597358619054,0.6028597358619054,0.6028597358619054,0.6028597358619054,0.6028597358619054,0.0
ant-1.3.csv balance,0.6373285064346828,0.6373285064346828,0.6373285064346828,0.6373285064346828,0.6373285064346828,0.6373285064346828,0.6373285064346828,0.6373285064346828,0.6373285064346828,0.6373285064346828,0.6373285064346828,0.6373285064346828,0.6373285064346828,0.6373285064346828,0.6373285064346828,0.6373285064346828,0.0
ant-1.3.csv balance,0.5420216163605283,0.5420216163605283,0.5420216163605283,0.5420216163605283,0.5420216163605283,0.5420216163605283,0.5420216163605283,0.5420216163605283,0.5420216163605283,0.5420216163605283,0.5420216163605283,0.5420216163605283,0.5420216163605283,0.5420216163605283,0.5420216163605283,0.5420216163605283,0.0
ant-1.3.csv balance,0.49065855864907215,0.49065855864907215,0.49065855864907215,0.49065855864907215,0.49065855864907215,0.49065855864907215,0.49065855864907215,0.49065855864907215,0.49065855864907215,0.49065855864907215,0.49065855864907215,0.49065855864907215,0.49065855864907204,0.49065855864907215,0.49065855864907215,0.49065855864907215,1.1702778228589004e-16
ant-1.3.csv balance,0.5948393391773603,0.5948393391773603,0.5948393391773603,0.5948393391773603,0.5948393391773603,0.5948393391773603,0.5948393391773603,0.5948393391773603,0.5948393391773603,0.5948393391773603,0.5948393391773603,0.5948393391773603,0.5948393391773603,0.5948393391773603,0.5948393391773603,0.5948393391773603,0.0
ant-1.3.csv balance,0.3871648725602975,0.3871648725602975,0.3871648725602975,0.3871648725602975,0.3871648725602975,0.3871648725602975,0.3823275347108167,0.3871648725602975,0.3871648725602975,0.3871648725602975,0.3823275347108167,0.3871648725602975,0.38668113877534943,0.3871648725602975,0.3871648725602975,0.3871648725602975,0.0015297005416100135
ant-1.3.csv balance,0.6131003256337745,0.6131003256337745,0.6131003256337745,0.6131003256337745,0.6131003256337745,0.6131003256337745,0.6131003256337745,0.6131003256337745,0.6131003256337745,0.6131003256337745,0.6131003256337745,0.6131003256337745,0.6131003256337745,0.6131003256337745,0.6131003256337745,0.6131003256337745,0.0
ant-1.4.csv balance,0.589813950559372,0.589813950559372,0.6311946351326483,0.6471779885266729,0.589813950559372,0.6311946351326483,0.589813950559372,0.7270483648048444,0.589813950559372,0.589813950559372,0.589813950559372,0.589813950559372,0.6175499326953047,0.589813950559372,0.6311946351326483,0.7270483648048444,0.0445418559288403
ant-1.4.csv balance,0.5388098125456664,0.5426369327689344,0.545900457594932,0.43573520394812704,0.5344329955592237,0.5824470827142723,0.5344329955592237,0.5344329955592237,0.545900457594932,0.5824470827142723,0.43573520394812704,0.5344329955592237,0.5377176016558808,0.5407233726573004,0.545900457594932,0.5824470827142723,0.040267907419108726
ant-1.4.csv balance,0.6124342296698682,0.6124342296698682,0.6124342296698682,0.6124342296698682,0.6124342296698682,0.6124342296698682,0.6124342296698682,0.6124342296698682,0.6124342296698682,0.6124342296698682,0.6124342296698682,0.6124342296698682,0.6124342296698682,0.6124342296698682,0.6124342296698682,0.6124342296698682,0.0
ant-1.4.csv balance,0.7375436500155044,0.6479158249303151,0.5977340880016528,0.7375436500155044,0.6479158249303151,0.5562292520970074,0.6479158249303151,0.6479158249303151,0.7375436500155044,0.6479158249303151,0.5562292520970074,0.6479158249303151,0.6606173414796749,0.6479158249303151,0.7151366937442071,0.7375436500155044,0.06092872905750178
ant-1.4.csv balance,0.6563498650525027,0.6491628088502053,0.624946857506996,0.6491628088502053,0.6491628088502053,0.6563498650525027,0.6491628088502053,0.6110801103626152,0.6563498650525027,0.6110801103626152,0.6110801103626152,0.6310008453427983,0.6412807908790555,0.6491628088502053,0.6545531010019283,0.6563498650525027,0.01832028446297753
ant-1.4.csv balance,0.6649894768520924,0.6649894768520924,0.6649894768520924,0.6649894768520924,0.6649894768520924,0.6649894768520924,0.6649894768520924,0.6649894768520924,0.6649894768520924,0.6649894768520924,0.6649894768520924,0.6649894768520924,0.6649894768520924,0.6649894768520924,0.6649894768520924,0.6649894768520924,0.0
ant-1.4.csv balance,0.6763102001835858,0.6822342269765507,0.6763102001835858,0.6384386032793103,0.6763102001835858,0.6763102001835858,0.6763102001835858,0.6763102001835858,0.6763102001835858,0.6763102001835858,0.6384386032793103,0.6763102001835858,0.6731154431724548,0.6763102001835858,0.6763102001835858,0.6822342269765507,0.012325615702096818
ant-1.4.csv balance,0.5777309857845192,0.5777309857845192,0.5696707574702133,0.5346222754697396,0.5927944910360221,0.5696707574702133,0.5603947096216731,0.5346222754697396,0.5854454476373087,0.5272965378816135,0.5272965378816135,0.541065384007723,0.5629979223625562,0.5696707574702133,0.5777309857845192,0.5927944910360221,0.02310994714070201
ant-1.4.csv balance,0.4729537233052701,0.4729537233052701,0.4666089996574335,0.5249269062086925,0.4790066566436697,0.41965048845066166,0.4666089996574335,0.4666089996574335,0.4666089996574335,0.4666089996574335,0.41965048845066166,0.4666089996574335,0.47025364962007316,0.4666089996574335,0.4729537233052701,0.5249269062086925,0.02518257378263215
ant-1.4.csv balance,0.5845931791802089,0.5845931791802089,0.5845931791802089,0.6335337387137023,0.6335337387137023,0.5845931791802089,0.5845931791802089,0.5805715021602194,0.5409086316797242,0.5845931791802089,0.5409086316797242,0.5845931791802089,0.5896106686348602,0.5845931791802089,0.5845931791802089,0.6335337387137023,0.0267978405162362
ant-1.5.csv balance,0.34385745635218967,0.45100259165396184,0.3970668926941733,0.45100259165396184,0.4519621155506499,0.5048382722592675,0.4487869490833327,0.5036648596741972,0.3412031099847541,0.3970668926941733,0.3412031099847541,0.3970668926941733,0.4290451731600661,0.4498947703686473,0.45172223457647787,0.5048382722592675,0.05793700401340481
ant-1.5.csv balance,0.5138030233165243,0.5138030233165243,0.5138030233165243,0.5138030233165243,0.5138030233165243,0.5138030233165243,0.5138030233165243,0.5138030233165243,0.5138030233165243,0.5138030233165243,0.5138030233165243,0.5138030233165243,0.5138030233165243,0.5138030233165243,0.5138030233165243,0.5138030233165243,0.0
ant-1.5.csv balance,0.6080165255263497,0.6080165255263497,0.6080165255263497,0.6080165255263497,0.6080165255263497,0.6080165255263497,0.6080165255263497,0.6080165255263497,0.6080165255263497,0.6080165255263497,0.6080165255263497,0.6080165255263497,0.6080165255263497,0.6080165255263497,0.6080165255263497,0.6080165255263497,0.0
ant-1.5.csv balance,0.597999845717108,0.5968777922088756,0.597999845717108,0.597999845717108,0.5968777922088756,0.597999845717108,0.5968777922088756,0.597999845717108,0.597999845717108,0.597999845717108,0.5968777922088756,0.5971583055859337,0.5976632296646381,0.597999845717108,0.597999845717108,0.597999845717108,0.0005420033372392886
ant-1.5.csv balance,0.7252284587828903,0.551128816355769,0.551128816355769,0.6391857820666904,0.46180680008108843,0.551128816355769,0.551128816355769,0.551128816355769,0.551128816355769,0.7252284587828903,0.46180680008108843,0.551128816355769,0.5858222397848174,0.551128816355769,0.6171715406389601,0.7252284587828903,0.08453630810737103
ant-1.5.csv balance,0.4957803654065911,0.564985701488433,0.564985701488433,0.564985701488433,0.564985701488433,0.564985701488433,0.564985701488433,0.564985701488433,0.564985701488433,0.564985701488433,0.4957803654065911,0.564985701488433,0.5580651678802487,0.564985701488433,0.564985701488433,0.564985701488433,0.021884648825605323
ant-1.5.csv balance,0.5590214254524066,0.5590214254524066,0.5576636497785197,0.5590214254524066,0.6659014119700042,0.6659014119700042,0.6659014119700042,0.5590214254524066,0.5590214254524066,0.6659014119700042,0.5576636497785197,0.5590214254524066,0.6016376424920571,0.5590214254524066,0.6659014119700042,0.6659014119700042,0.05531098954405406
ant-1.5.csv balance,0.4932139064432066,0.5921507064828841,0.5921507064828841,0.5921507064828841,0.5921507064828841,0.5930354196782206,0.4918880232504964,0.49018838310360513,0.5921507064828841,0.49018838310360513,0.49018838310360513,0.49221949404867393,0.5519267647993555,0.5921507064828841,0.5921507064828841,0.5930354196782206,0.05212682685387997
ant-1.5.csv balance,0.5638760707864643,0.514665061721443,0.5638760707864643,0.5638760707864643,0.514665061721443,0.514665061721443,0.514665061721443,0.5638760707864643,0.514665061721443,0.5638760707864643,0.514665061721443,0.514665061721443,0.5392705662539536,0.5392705662539536,0.5638760707864643,0.5638760707864643,0.025936479100110075
ant-1.5.csv balance,0.6404108046473164,0.6404108046473164,0.5894158221169874,0.6374672238037523,0.6374672238037523,0.6374672238037523,0.6404108046473164,0.6404108046473164,0.6374672238037523,0.5880590819801854,0.5880590819801854,0.6374672238037523,0.6288987017901447,0.6374672238037523,0.6404108046473164,0.6404108046473164,0.02121468218075541
ant-1.6.csv balance,0.7875011107888612,0.7636097851723853,0.7575928629498739,0.7759928407013766,0.7422903158254848,0.7575928629498739,0.7422903158254848,0.7636097851723853,0.7575928629498739,0.7422903158254848,0.7422903158254848,0.746115952606582,0.7590363058161084,0.7575928629498739,0.7636097851723853,0.7875011107888612,0.014859107751436505
ant-1.6.csv balance,0.7025893910927303,0.6371469569390223,0.6527287635184074,0.6527287635184074,0.6881946350525292,0.6527287635184074,0.7025893910927303,0.6527287635184074,0.7025893910927303,0.6527287635184074,0.6371469569390223,0.6527287635184074,0.6696753582861779,0.6527287635184074,0.69899070208268,0.7025893910927303,0.0260064020836706
ant-1.6.csv balance,0.5441608223655565,0.5441608223655565,0.5441608223655565,0.5441608223655565,0.5441608223655565,0.5441608223655565,0.5441608223655565,0.5441608223655565,0.5441608223655565,0.5441608223655565,0.5441608223655565,0.5441608223655565,0.5441608223655565,0.5441608223655565,0.5441608223655565,0.5441608223655565,0.0
ant-1.6.csv balance,0.7565657711712831,0.7565657711712831,0.7565657711712831,0.7654771556837738,0.6553956324436835,0.7565657711712831,0.7565657711712831,0.7021873562855787,0.7654771556837738,0.7565657711712831,0.6553956324436835,0.7565657711712831,0.7427931927124509,0.7565657711712831,0.7565657711712831,0.7654771556837738,0.03567506964792012
ant-1.6.csv balance,0.5856094665029354,0.6859072937910429,0.6159081726512527,0.6280273087670208,0.6899948263568769,0.6939668146110531,0.6817086683810014,0.679388151678071,0.6461858021955578,0.7456224564310873,0.5856094665029354,0.632566932124155,0.66523189613659,0.6805484100295363,0.6889729432154184,0.7456224564310873,0.046332604448687136
ant-1.6.csv balance,0.7462776084627747,0.7462776084627747,0.7462776084627747,0.7462776084627747,0.7462776084627747,0.7462776084627747,0.7462776084627747,0.7462776084627747,0.7462776084627747,0.7462776084627747,0.7462776084627747,0.7462776084627747,0.7462776084627747,0.7462776084627747,0.7462776084627747,0.7462776084627747,0.0
ant-1.6.csv balance,0.642672221505626,0.642672221505626,0.6479563902966653,0.6479563902966653,0.6011388789306615,0.6398423327457009,0.6011388789306615,0.6479563902966653,0.6181300530374647,0.5962093628928579,0.5962093628928579,0.6053866724573623,0.6285673120438594,0.6412572771256635,0.6466353480989054,0.6479563902966653,0.021892269653089415
ant-1.6.csv balance,0.5925397257219003,0.6357328702978391,0.5925397257219003,0.5925397257219003,0.7147246911551102,0.6357328702978391,0.6746902302712201,0.7147246911551102,0.7147246911551102,0.6746902302712201,0.5925397257219003,0.603338011865885,0.654263945176915,0.6552115502845296,0.7047160759341377,0.7147246911551102,0.051550849688619185
ant-1.6.csv balance,0.7272381075574115,0.7272381075574115,0.7272381075574115,0.7272381075574115,0.7272381075574115,0.7272381075574115,0.7272381075574115,0.7272381075574115,0.7272381075574115,0.7272381075574115,0.7272381075574115,0.7272381075574115,0.7272381075574115,0.7272381075574115,0.7272381075574115,0.7272381075574115,0.0
ant-1.6.csv balance,0.5908888148613441,0.6277589919748825,0.6243495224946467,0.6701845791877591,0.6701845791877591,0.5732343661328856,0.6701845791877591,0.5732343661328856,0.6701845791877591,0.5908888148613441,0.5732343661328856,0.5908888148613441,0.6261093193209024,0.6260542572347646,0.6701845791877591,0.6701845791877591,0.04196403440527012
ant-1.7.csv balance,0.7007047018118717,0.6646337889758288,0.7028943961036194,0.6919242593290651,0.7007047018118717,0.6829766662468654,0.6829766662468654,0.7050611620673348,0.6829766662468654,0.7007047018118717,0.6646337889758288,0.6829766662468654,0.6915557710652059,0.6963144805704684,0.7007047018118717,0.7050611620673348,0.012943470370025478
ant-1.7.csv balance,0.7050618488520946,0.7037992870018932,0.7062930083572949,0.6935465438948724,0.7037992870018932,0.7037992870018932,0.7037992870018932,0.7062930083572949,0.7050618488520946,0.7050618488520946,0.6935465438948724,0.7037992870018932,0.7036515255173319,0.7044305679269939,0.7050618488520946,0.7062930083572949,0.0036835955612370915
ant-1.7.csv balance,0.7045104515883766,0.6784101230094339,0.6369542955176988,0.6678250990629164,0.7061803597099119,0.6993538738210369,0.6734135236523816,0.7028157877988054,0.689772066019185,0.6692483503685658,0.6369542955176988,0.6702896436895197,0.6828483930548312,0.6840910945143095,0.7019503093043633,0.7061803597099119,0.02200589354702724
ant-1.7.csv balance,0.642078848806692,0.642078848806692,0.642078848806692,0.6221112216534013,0.6549470303331344,0.6132034137983873,0.5997062660038228,0.6221112216534013,0.6519975374738682,0.642078848806692,0.5997062660038228,0.6221112216534013,0.6332392086142784,0.642078848806692,0.642078848806692,0.6549470303331344,0.017979052261299942
ant-1.7.csv balance,0.6690637399745506,0.6773571652404263,0.6725350545934745,0.6675497165578417,0.6690637399745506,0.6789174310857813,0.6612617122118605,0.6690637399745506,0.6561619435624891,0.6773571652404263,0.6561619435624891,0.6679282224120189,0.6698331408415952,0.6690637399745506,0.6761516375786883,0.6789174310857813,0.007229626829256563
ant-1.7.csv balance,0.684301820924794,0.7143672591479249,0.7221763123338371,0.6698190075013908,0.6774083052996498,0.684301820924794,0.6865519685798241,0.6575258520917066,0.6764324654837586,0.6618733074145859,0.6575258520917066,0.6714723719969827,0.6834758119702264,0.6808550631122219,0.6859894316660666,0.7221763123338371,0.02075207581102399
ant-1.7.csv balance,0.7133506769562764,0.711375373934939,0.711375373934939,0.711375373934939,0.7001597512487753,0.6456603642468799,0.6580108518305678,0.7020606867138459,0.6514874611406,0.6905362147174163,0.6456603642468799,0.6661421925522799,0.6895392128659178,0.7011102189813105,0.711375373934939,0.7133506769562764,0.02715253923761947
ant-1.7.csv balance,0.6300652727943888,0.6422959621791938,0.6422959621791938,0.6300652727943888,0.6300652727943888,0.6314186556529402,0.6300652727943888,0.6300652727943888,0.6314186556529402,0.6314186556529402,0.6300652727943888,0.6300652727943888,0.6329174255289152,0.6307419642236645,0.6314186556529402,0.6422959621791938,0.004981373181161553
ant-1.7.csv balance,0.5779542198447152,0.633532939686444,0.5999894294513402,0.633532939686444,0.5975177921633746,0.5930250353902613,0.5999894294513402,0.6193887902288988,0.6180746681363966,0.5580929677439311,0.5580929677439311,0.5941482245835397,0.6031098211783147,0.5999894294513402,0.6190602597057733,0.633532939686444,0.02392546878883627
ant-1.7.csv balance,0.6076532028218364,0.6301339295545374,0.5783417379379371,0.6274964399703016,0.6326691987557564,0.6403911484776236,0.6301339295545374,0.6288278280968744,0.6288278280968744,0.6688857244180457,0.5783417379379371,0.6278292870019448,0.6273360967684325,0.6294808788257059,0.6320353814554517,0.6688857244180457,0.022932857050130664
camel-1.0.csv balance,0.4674325195018142,0.4674325195018142,0.4674325195018142,0.4674325195018142,0.4674325195018142,0.4674325195018142,0.4674325195018142,0.4674325195018142,0.4674325195018142,0.4674325195018142,0.4674325195018142,0.4674325195018142,0.46743251950181425,0.4674325195018142,0.4674325195018142,0.4674325195018142,5.851389114294502e-17
camel-1.0.csv balance,0.9351818783912331,0.9351818783912331,0.9351818783912331,0.2899286029638365,0.9351818783912331,0.9351818783912331,0.9351818783912331,0.9351818783912331,0.9351818783912331,0.9351818783912331,0.2899286029638365,0.9351818783912331,0.8706565508484936,0.9351818783912331,0.9351818783912331,0.9351818783912331,0.20404700180345306
camel-1.0.csv balance,0.4321038216480091,0.4330699654895034,0.43262119410902744,0.4321038216480091,0.4321038216480091,0.4321038216480091,0.4321038216480091,0.4321038216480091,0.4321038216480091,0.4321038216480091,0.4321038216480091,0.4321038216480091,0.4322521732782604,0.4321038216480091,0.4321038216480091,0.4330699654895034,0.0003301558762994394
camel-1.0.csv balance,0.41028088636494553,0.41028088636494553,0.41028088636494553,0.41028088636494553,0.41028088636494553,0.41028088636494553,0.41028088636494553,0.41028088636494553,0.41028088636494553,0.41028088636494553,0.41028088636494553,0.41028088636494553,0.41028088636494553,0.41028088636494553,0.41028088636494553,0.41028088636494553,0.0
camel-1.0.csv balance,0.4092014122135812,0.4092014122135812,0.4092014122135812,0.4092014122135812,0.4092014122135812,0.4092014122135812,0.4092014122135812,0.4092014122135812,0.4092014122135812,0.4092014122135812,0.4092014122135812,0.4092014122135812,0.40920141221358114,0.4092014122135812,0.4092014122135812,0.4092014122135812,5.851389114294502e-17
camel-1.0.csv balance,0.2923704041163808,0.2923704041163808,0.2923704041163808,0.2923704041163808,0.2923704041163808,0.2923704041163808,0.2923704041163808,0.2923704041163808,0.2923704041163808,0.2923704041163808,0.2923704041163808,0.2923704041163808,0.2923704041163808,0.2923704041163808,0.2923704041163808,0.2923704041163808,0.0
camel-1.0.csv balance,0.4657234902329236,0.4657234902329236,0.4657234902329236,0.4657234902329236,0.4657234902329236,0.4657234902329236,0.4657234902329236,0.4657234902329236,0.4657234902329236,0.4657234902329236,0.4657234902329236,0.4657234902329236,0.46572349023292353,0.4657234902329236,0.4657234902329236,0.4657234902329236,5.851389114294502e-17
camel-1.0.csv balance,0.29080427251593177,0.2912421828556073,0.2912421828556073,0.2912421828556073,0.2912421828556073,0.2912421828556073,0.2912421828556073,0.2912421828556073,0.29080427251593177,0.2912421828556073,0.29080427251593177,0.2912421828556073,0.2911546007876722,0.2912421828556073,0.2912421828556073,0.2912421828556073,0.000184639211241699
camel-1.0.csv balance,0.2912700160320314,0.2912700160320314,0.2912700160320314,0.2912700160320314,0.2912700160320314,0.2912700160320314,0.2912700160320314,0.2912700160320314,0.2912700160320314,0.2912700160320314,0.2912700160320314,0.2912700160320314,0.29127001603203145,0.2912700160320314,0.2912700160320314,0.2912700160320314,5.851389114294502e-17
camel-1.0.csv balance,0.46121534015757315,0.46121534015757315,0.46121534015757315,0.46121534015757315,0.46121534015757315,0.46121534015757315,0.46121534015757315,0.46121534015757315,0.46121534015757315,0.46121534015757315,0.46121534015757315,0.46121534015757315,0.4612153401575732,0.46121534015757315,0.46121534015757315,0.46121534015757315,5.851389114294502e-17
camel-1.2.csv balance,0.6556481197491062,0.6556481197491062,0.6556481197491062,0.6556481197491062,0.6556481197491062,0.6556481197491062,0.6556481197491062,0.6556481197491062,0.6556481197491062,0.6556481197491062,0.6556481197491062,0.6556481197491062,0.6556481197491062,0.6556481197491062,0.6556481197491062,0.6556481197491062,0.0
camel-1.2.csv balance,0.5982241251679365,0.5982241251679365,0.569399641618901,0.5982241251679365,0.5999374528819037,0.5721779497327473,0.5759851305235981,0.5619044597684812,0.5982241251679365,0.5999374528819037,0.5619044597684812,0.57312974493046,0.587223858807928,0.5982241251679365,0.5982241251679365,0.5999374528819037,0.015343320906607134
camel-1.2.csv balance,0.5301080309849064,0.5262820453178841,0.5406742023233275,0.5489182924570584,0.5628342860748237,0.5195407500364091,0.5628342860748237,0.5535097741711743,0.5512391856736308,0.5628342860748237,0.5195407500364091,0.5327495738195117,0.5458775139188863,0.5500787390653445,0.5605031580989113,0.5628342860748237,0.016028447577102763
camel-1.2.csv balance,0.5415068924165322,0.5415068924165322,0.5415068924165322,0.5415068924165322,0.5415068924165322,0.5415068924165322,0.5415068924165322,0.5415068924165322,0.5415068924165322,0.5415068924165322,0.5415068924165322,0.5415068924165322,0.541506892416532,0.5415068924165322,0.5415068924165322,0.5415068924165322,1.1702778228589004e-16
camel-1.2.csv balance,0.5960473363634909,0.5890823460631561,0.5959397337295274,0.6423139176196668,0.6423139176196668,0.6257862324379249,0.6423139176196668,0.5785306170945068,0.614199245475496,0.5695173208508282,0.5695173208508282,0.5907966929797489,0.6096044584873931,0.6051232909194935,0.6381819963242313,0.6423139176196668,0.027602189144213835
camel-1.2.csv balance,0.5546232180377488,0.5576767968074565,0.5418237176094269,0.5418237176094269,0.5566331430673384,0.5454237539034734,0.5546232180377488,0.537474258194436,0.5293310491061887,0.5619958839592885,0.5293310491061887,0.5418237176094269,0.5481428756332533,0.5500234859706111,0.556130661809941,0.5619958839592885,0.010508394335959126
camel-1.2.csv balance,0.5425737276529428,0.5425737276529428,0.5425737276529428,0.5425737276529428,0.5425737276529428,0.5425737276529428,0.5425737276529428,0.5425737276529428,0.5425737276529428,0.5425737276529428,0.5425737276529428,0.5425737276529428,0.5425737276529429,0.5425737276529428,0.5425737276529428,0.5425737276529428,1.1702778228589004e-16
camel-1.2.csv balance,0.5337181183195847,0.5337181183195847,0.5219839174889651,0.5219839174889651,0.5219839174889651,0.5219839174889651,0.5219839174889651,0.5105544208422115,0.5219839174889651,0.5219839174889651,0.5105544208422115,0.5219839174889651,0.5231878079904136,0.5219839174889651,0.5219839174889651,0.5337181183195847,0.006595645099188129
camel-1.2.csv balance,0.5510002404141375,0.5881859524064088,0.5749175181810621,0.5538135775847233,0.6065726361003472,0.5373368696757193,0.5373368696757193,0.5347807761049979,0.5603937357301385,0.5398540229576481,0.5347807761049979,0.5379661579962014,0.5584192198830902,0.5524069089994303,0.5712865725683312,0.6065726361003472,0.024380158501605086
camel-1.2.csv balance,0.5810653366236943,0.6094338245125781,0.5952415696049822,0.573446926518618,0.5375732108625042,0.5979507265548445,0.619722817628976,0.5952415696049822,0.5836302532260129,0.6276767559419025,0.5375732108625042,0.5817065657742739,0.5920982991079095,0.5952415696049822,0.6065630500231447,0.6276767559419025,0.02559896975138724
camel-1.4.csv balance,0.4857340945701306,0.5052406879506923,0.48475152427635737,0.48475152427635737,0.4857340945701306,0.5043261536216874,0.5499054277521866,0.48475152427635737,0.4738193126857664,0.48475152427635737,0.4738193126857664,0.48475152427635737,0.49437658682560237,0.485242809423244,0.4996781388587982,0.5499054277521866,0.021712845477262998
camel-1.4.csv balance,0.5695133203237164,0.5358829321757542,0.5358829321757542,0.5367818475463664,0.5358829321757542,0.5358829321757542,0.5695133203237164,0.5358829321757542,0.5570759544566464,0.5358829321757542,0.5358829321757542,0.5358829321757542,0.544818203570497,0.5358829321757542,0.5520024277290764,0.5695133203237164,0.01458144752466107
camel-1.4.csv balance,0.5979543518473716,0.5979543518473716,0.5979543518473716,0.5979543518473716,0.5979543518473716,0.5979543518473716,0.5979543518473716,0.5979543518473716,0.5979543518473716,0.5979543518473716,0.5979543518473716,0.5979543518473716,0.5979543518473716,0.5979543518473716,0.5979543518473716,0.5979543518473716,0.0
camel-1.4.csv balance,0.45963459302027376,0.49413716873141966,0.49413716873141966,0.48844323864226735,0.46041297998018094,0.48844323864226735,0.49095249849799005,0.49095249849799005,0.47954262440255646,0.48844323864226735,0.45963459302027376,0.48176777796248416,0.4835099247788633,0.48844323864226735,0.49095249849799005,0.49413716873141966,0.01303377232892418
camel-1.4.csv balance,0.4842186262595699,0.4836278313170713,0.5122805783079429,0.5450294828974784,0.5081885187042172,0.5069647403135029,0.5321430946491555,0.5657073061065052,0.4920801924460201,0.5036654926931488,0.4836278313170713,0.49497651750780225,0.5133905863694611,0.5075766295088601,0.5271774655638524,0.5657073061065052,0.026759911577887506
camel-1.4.csv balance,0.4847359264154072,0.48337187767331424,0.495388458599599,0.5838065293408741,0.4533095424177167,0.49399569273938293,0.45204750032561014,0.51872758888392,0.4980297819647004,0.508722092286956,0.45204750032561014,0.4837128898588375,0.4972134990647481,0.49469207566949097,0.5060490147063921,0.5838065293408741,0.037152558147985605
camel-1.4.csv balance,0.5686770280024034,0.5686770280024034,0.5686770280024034,0.5718050775261654,0.5694808059957888,0.5686770280024034,0.572550550883419,0.5718050775261654,0.5694808059957888,0.5694808059957888,0.5686770280024034,0.5686770280024034,0.569931123593273,0.5694808059957888,0.5712240096435712,0.572550550883419,0.0015196559125719375
camel-1.4.csv balance,0.544351604414274,0.544351604414274,0.544351604414274,0.544351604414274,0.5579202805764055,0.5579202805764055,0.544351604414274,0.5407795363269888,0.544351604414274,0.544351604414274,0.5407795363269888,0.544351604414274,0.5467081328379717,0.544351604414274,0.544351604414274,0.5579202805764055,0.0060133680143940604
camel-1.4.csv balance,0.5175553964208521,0.5168747744056097,0.5441381968122021,0.47762004384947643,0.5168747744056097,0.5201402559484503,0.5063752701077278,0.5182223121431366,0.5175553964208521,0.5577218255377837,0.47762004384947643,0.5168747744056097,0.5193078246051701,0.5175553964208521,0.5196607699971219,0.5577218255377837,0.02112701702831061
camel-1.4.csv balance,0.4831734927336494,0.4751800082252551,0.5667018086727542,0.5240689084208381,0.5603555260942488,0.5593892248800069,0.4822798102969589,0.5908054043300036,0.5713688858571448,0.5483020200523834,0.4751800082252551,0.49339734665544654,0.5361625089563243,0.5538456224661952,0.5651152380281279,0.5908054043300036,0.04217218090604251
camel-1.6.csv balance,0.6289988283293382,0.603061900337095,0.5881105903120152,0.6385583963712633,0.5989110910143369,0.6289988283293382,0.6334196287454559,0.5989110910143369,0.637387870785014,0.637387870785014,0.5881105903120152,0.5999487933450265,0.6193746096023208,0.6289988283293382,0.6363958102751245,0.6385583963712633,0.019665370404647817
camel-1.6.csv balance,0.5317846055116171,0.5317846055116171,0.5317846055116171,0.5317846055116171,0.5317846055116171,0.5317846055116171,0.5317846055116171,0.5317846055116171,0.5317846055116171,0.5317846055116171,0.5317846055116171,0.5317846055116171,0.5317846055116171,0.5317846055116171,0.5317846055116171,0.5317846055116171,0.0
camel-1.6.csv balance,0.5292089291367732,0.5292089291367732,0.5292089291367732,0.5292089291367732,0.5292089291367732,0.5292089291367732,0.5292089291367732,0.5292089291367732,0.5292089291367732,0.5292089291367732,0.5292089291367732,0.5292089291367732,0.5292089291367732,0.5292089291367732,0.5292089291367732,0.5292089291367732,0.0
camel-1.6.csv balance,0.5237955376087924,0.5327460588107849,0.5327460588107849,0.5237955376087924,0.5237955376087924,0.5237955376087924,0.5237955376087924,0.5408858160606863,0.5319695516732605,0.5237955376087924,0.5237955376087924,0.5237955376087924,0.528112071100827,0.5237955376087924,0.5325519320264038,0.5408858160606863,0.006080854921486081
camel-1.6.csv balance,0.515902370746637,0.5064044359485824,0.5509827478490538,0.5064044359485824,0.5168101321345233,0.5320624740206679,0.5500060456294371,0.5064044359485824,0.5064044359485824,0.5064044359485824,0.5064044359485824,0.5064044359485824,0.5197785950123232,0.5111534033476097,0.5282493885491317,0.5509827478490538,0.018124474393254736
camel-1.6.csv balance,0.5818536161451859,0.5818536161451859,0.5806408072950978,0.5806408072950978,0.5818536161451859,0.5818536161451859,0.5806408072950978,0.5818536161451859,0.5818536161451859,0.5806408072950978,0.5806408072950978,0.5806408072950978,0.5813684926051508,0.5818536161451859,0.5818536161451859,0.5818536161451859,0.0006262917971365679
camel-1.6.csv balance,0.5838827645432325,0.5815097518190607,0.5823143108234251,0.5838827645432325,0.5838827645432325,0.5838827645432325,0.5838827645432325,0.5823143108234251,0.5815097518190607,0.5838827645432325,0.5815097518190607,0.5823143108234251,0.5830944712544366,0.5838827645432325,0.5838827645432325,0.5838827645432325,0.0010524262882032898
camel-1.6.csv balance,0.5866987330866111,0.5966552958380993,0.5866987330866111,0.5866987330866111,0.5866987330866111,0.5866987330866111,0.5866987330866111,0.5866987330866111,0.5966552958380993,0.5966552958380993,0.5866987330866111,0.5866987330866111,0.5896857019120575,0.5866987330866111,0.5941661551502273,0.5966552958380993,0.0048094767309630445
camel-1.6.csv balance,0.6156144803532528,0.6042364395224563,0.6156144803532528,0.6156144803532528,0.6156144803532528,0.6156144803532528,0.6251615984241456,0.6042364395224563,0.6156144803532528,0.6156144803532528,0.6042364395224563,0.6156144803532528,0.6142935839941829,0.6156144803532528,0.6156144803532528,0.6251615984241456,0.006079285574254679
camel-1.6.csv balance,0.5100184445234268,0.4984484808528912,0.5361527038754595,0.5079772983664086,0.5100184445234268,0.5361527038754595,0.5362973181076607,0.5311122960394095,0.5247433098080976,0.5100184445234268,0.4984484808528912,0.5100184445234268,0.5200939444495666,0.5173808771657622,0.534892601916447,0.5362973181076607,0.014303161264404944
ivy-1.4.csv balance,0.39111746433674266,0.39111746433674266,0.39111746433674266,0.39111746433674266,0.39111746433674266,0.39111746433674266,0.39111746433674266,0.39111746433674266,0.39111746433674266,0.39111746433674266,0.39111746433674266,0.39111746433674266,0.39111746433674266,0.39111746433674266,0.39111746433674266,0.39111746433674266,0.0
ivy-1.4.csv balance,0.45642334762535797,0.45642334762535797,0.45642334762535797,0.45642334762535797,0.45642334762535797,0.45642334762535797,0.45642334762535797,0.45642334762535797,0.45642334762535797,0.45642334762535797,0.45642334762535797,0.45642334762535797,0.45642334762535797,0.45642334762535797,0.45642334762535797,0.45642334762535797,0.0
ivy-1.4.csv balance,0.4096296530023974,0.4090035604299431,0.4090035604299431,0.4090035604299431,0.4096296530023974,0.4096296530023974,0.4096296530023974,0.4096296530023974,0.4096296530023974,0.4096296530023974,0.4090035604299431,0.40916008357305667,0.40944182523066114,0.4096296530023974,0.4096296530023974,0.4096296530023974,0.000302431444847526
ivy-1.4.csv balance,0.2749559400361321,0.2888819444783526,0.5152090943280575,0.2853283582262722,0.5129225477971244,0.2878202474094058,0.2749559400361321,0.5129225477971244,0.2878202474094058,0.2749559400361321,0.2749559400361321,0.27754904458366714,0.35157728075541395,0.2878202474094058,0.45691239696743147,0.5152090943280575,0.11200297312362786
ivy-1.4.csv balance,0.572173019651814,0.572173019651814,0.572173019651814,0.572173019651814,0.572173019651814,0.572173019651814,0.43245415927075936,0.572173019651814,0.5732585310412632,0.572173019651814,0.43245415927075936,0.572173019651814,0.5583096847526534,0.572173019651814,0.572173019651814,0.5732585310412632,0.04422243992451298
ivy-1.4.csv balance,0.4630305708883852,0.4630305708883852,0.4630305708883852,0.4630305708883852,0.4630305708883852,0.4630305708883852,0.4630305708883852,0.4630305708883852,0.4630305708883852,0.4630305708883852,0.4630305708883852,0.4630305708883852,0.4630305708883852,0.4630305708883852,0.4630305708883852,0.4630305708883852,0.0
ivy-1.4.csv balance,0.2818061061692305,0.2818061061692305,0.2788897449072021,0.2788897449072021,0.2788897449072021,0.2818061061692305,0.2788897449072021,0.2818061061692305,0.2818061061692305,0.2818061061692305,0.2788897449072021,0.2788897449072021,0.2806395616644191,0.2818061061692305,0.2818061061692305,0.2818061061692305,0.001506002479914742
ivy-1.4.csv balance,0.37029955631673483,0.37029955631673483,0.37029955631673483,0.37029955631673483,0.37029955631673483,0.37029955631673483,0.37029955631673483,0.37029955631673483,0.37029955631673483,0.37029955631673483,0.37029955631673483,0.37029955631673483,0.3702995563167349,0.37029955631673483,0.37029955631673483,0.37029955631673483,5.851389114294502e-17
ivy-1.4.csv balance,0.28679840879643936,0.3853282863944265,0.3853282863944265,0.28679840879643936,0.28679840879643936,0.3853282863944265,0.3853282863944265,0.3853282863944265,0.3853282863944265,0.3853282863944265,0.28679840879643936,0.3114308781959362,0.3557693231150304,0.3853282863944265,0.3853282863944265,0.3853282863944265,0.047594452567612085
ivy-1.4.csv balance,0.29057271630234127,0.29057271630234127,0.29057271630234127,0.29057271630234127,0.29057271630234127,0.29057271630234127,0.29057271630234127,0.29057271630234127,0.29057271630234127,0.29057271630234127,0.29057271630234127,0.29057271630234127,0.2905727163023412,0.29057271630234127,0.29057271630234127,0.29057271630234127,5.851389114294502e-17
ivy-2.0.csv balance,0.5108816381073653,0.4662950982529692,0.4662950982529692,0.4662950982529692,0.4662950982529692,0.5108816381073653,0.5108816381073653,0.5108816381073653,0.5108816381073653,0.4662950982529692,0.4662950982529692,0.4662950982529692,0.48858836818016727,0.48858836818016727,0.5108816381073653,0.5108816381073653,0.02349916982096064
ivy-2.0.csv balance,0.5985942910098605,0.5985942910098605,0.5985942910098605,0.5985942910098605,0.5985942910098605,0.5985942910098605,0.5985942910098605,0.5985942910098605,0.5985942910098605,0.5985942910098605,0.5985942910098605,0.5985942910098605,0.5985942910098604,0.5985942910098605,0.5985942910098605,0.5985942910098605,1.1702778228589004e-16
ivy-2.0.csv balance,0.7658009727509103,0.6327818300186934,0.7707822393901185,0.6327818300186934,0.7041270850871798,0.5656539286521739,0.7631059186336733,0.6344093686986894,0.6310571781611738,0.6344093686986894,0.5656539286521739,0.6327818300186934,0.6734909720109995,0.6344093686986894,0.7483612102470499,0.7707822393901185,0.07207619712400243
ivy-2.0.csv balance,0.5917454187763813,0.6443191377939418,0.5977861641405917,0.5977861641405917,0.6466206976983506,0.5958484569412867,0.641935390427183,0.641935390427183,0.5917454187763813,0.6443191377939418,0.5917454187763813,0.596332883741113,0.6194041376915832,0.6198607772838873,0.6437232009522521,0.6466206976983506,0.025856706456604008
ivy-2.0.csv balance,0.6269722431265656,0.5611136939667086,0.6269722431265656,0.6269722431265656,0.6269722431265656,0.6269722431265656,0.6269722431265656,0.6269722431265656,0.6269722431265656,0.5611136939667086,0.5611136939667086,0.6269722431265656,0.6138005332945942,0.6269722431265656,0.6269722431265656,0.6269722431265656,0.027768402498575574
ivy-2.0.csv balance,0.6102660075426831,0.6062575959532825,0.6121259174874089,0.6062575959532825,0.6102660075426831,0.6456318363579543,0.6062575959532825,0.6102660075426831,0.6062575959532825,0.6062575959532825,0.6062575959532825,0.6062575959532825,0.6119843756239826,0.6082618017479828,0.6102660075426831,0.6456318363579543,0.012041640906618226
ivy-2.0.csv balance,0.4072237254532306,0.46977761478672975,0.46977761478672975,0.46977761478672975,0.46977761478672975,0.46977761478672975,0.46977761478672975,0.46977761478672975,0.46977761478672975,0.46977761478672975,0.4072237254532306,0.46977761478672975,0.4635222258533799,0.46977761478672975,0.46977761478672975,0.46977761478672975,0.01978127667959694
ivy-2.0.csv balance,0.4107246263215515,0.4107246263215515,0.4095767342909481,0.47607487926271597,0.34646191435788787,0.47607487926271597,0.4107246263215515,0.47607487926271597,0.4095767342909481,0.534846017181553,0.34646191435788787,0.40986370729859894,0.4360859916874139,0.4107246263215515,0.47607487926271597,0.534846017181553,0.05366400539611543
ivy-2.0.csv balance,0.490480352664858,0.5231794637391007,0.5231794637391007,0.5231794637391007,0.5231794637391007,0.5231794637391007,0.5231794637391007,0.5231794637391007,0.5231794637391007,0.5231794637391007,0.490480352664858,0.5231794637391007,0.5199095526316766,0.5231794637391007,0.5231794637391007,0.5231794637391007,0.010340366845744221
ivy-2.0.csv balance,0.7485434569301909,0.7485434569301909,0.7485434569301909,0.7485434569301909,0.6888250763593889,0.7485434569301909,0.7485434569301909,0.6907817021204748,0.7485434569301909,0.7485434569301909,0.6888250763593889,0.7485434569301909,0.7367954433921391,0.7485434569301909,0.7485434569301909,0.7485434569301909,0.02477128058367055
jedit-3.2.csv balance,0.6986134112670978,0.6986134112670978,0.6986134112670978,0.7111288715543707,0.6986134112670978,0.7111288715543707,0.6986134112670978,0.7186211310138032,0.7053721745056052,0.6986134112670978,0.6986134112670978,0.6986134112670978,0.7037931516230737,0.6986134112670978,0.7096896972921793,0.7186211310138032,0.007385918440054749
jedit-3.2.csv balance,0.757057156026107,0.757057156026107,0.757057156026107,0.757057156026107,0.757057156026107,0.757057156026107,0.757057156026107,0.757057156026107,0.757057156026107,0.757057156026107,0.757057156026107,0.757057156026107,0.757057156026107,0.757057156026107,0.757057156026107,0.757057156026107,0.0
jedit-3.2.csv balance,0.7520407127851473,0.7520407127851473,0.7520407127851473,0.7672778709144792,0.7520407127851473,0.7358322703922793,0.7358322703922793,0.7358322703922793,0.7358322703922793,0.7520407127851473,0.7358322703922793,0.7358322703922793,0.7470810516409333,0.7520407127851473,0.7520407127851473,0.7672778709144792,0.010734384112207349
jedit-3.2.csv balance,0.6900237955761386,0.7132535505372903,0.7132535505372903,0.7132535505372903,0.7132535505372903,0.7132535505372903,0.7132535505372903,0.6938922626773377,0.6938922626773377,0.6938922626773377,0.6900237955761386,0.6938922626773377,0.7051221886831893,0.7132535505372903,0.7132535505372903,0.7132535505372903,0.010556774877456751
jedit-3.2.csv balance,0.5984625493875264,0.6177974622710055,0.691989993141014,0.691989993141014,0.6457019188505371,0.7003159665232312,0.6371683581263307,0.6844411693146768,0.5891548212314857,0.7038095081413489,0.5891548212314857,0.6226401862348367,0.656083174012817,0.6650715440826069,0.691989993141014,0.7038095081413489,0.04390392965269629
jedit-3.2.csv balance,0.607953264531444,0.607953264531444,0.607953264531444,0.607953264531444,0.623796696426208,0.623796696426208,0.607953264531444,0.607953264531444,0.607953264531444,0.607953264531444,0.607953264531444,0.607953264531444,0.6111219509103968,0.607953264531444,0.607953264531444,0.623796696426208,0.006680177432161518
jedit-3.2.csv balance,0.7840492406653722,0.7995384041956295,0.7995384041956295,0.7995384041956295,0.7995384041956295,0.7840492406653722,0.7995384041956295,0.7995384041956295,0.7995384041956295,0.7995384041956295,0.7840492406653722,0.7995384041956295,0.7964405714895781,0.7995384041956295,0.7995384041956295,0.7995384041956295,0.006530804774190332
jedit-3.2.csv balance,0.641716528452893,0.641716528452893,0.641716528452893,0.641716528452893,0.641716528452893,0.641716528452893,0.641716528452893,0.641716528452893,0.641716528452893,0.641716528452893,0.641716528452893,0.641716528452893,0.641716528452893,0.641716528452893,0.641716528452893,0.641716528452893,0.0
jedit-3.2.csv balance,0.6581486196741664,0.6523066199319035,0.6581486196741664,0.6581486196741664,0.6581486196741664,0.6315519784700465,0.6523066199319035,0.6581486196741664,0.6581486196741664,0.6523066199319035,0.6315519784700465,0.6523066199319035,0.6537363556310756,0.6581486196741664,0.6581486196741664,0.6581486196741664,0.008266985655451453
jedit-3.2.csv balance,0.6222283747017876,0.6170944415518616,0.6381642446262769,0.6170944415518616,0.6001948225472887,0.6381642446262769,0.6222283747017876,0.6060671932813273,0.6001948225472887,0.6060671932813273,0.6001948225472887,0.6060671932813273,0.6167498153417085,0.6170944415518616,0.6222283747017876,0.6381642446262769,0.013959444130756045
jedit-4.0.csv balance,0.5052664855538467,0.5819903701828931,0.6322989235361786,0.6772985120637927,0.5068884948552141,0.7162455610344518,0.563512299102885,0.6132876953519035,0.6132876953519035,0.563512299102885,0.5052664855538467,0.563512299102885,0.5973588336135955,0.5976390327673984,0.6275461164901098,0.7162455610344518,0.06786090474486177
jedit-4.0.csv balance,0.64308114618546,0.64308114618546,0.64308114618546,0.64308114618546,0.64308114618546,0.64308114618546,0.64308114618546,0.64308114618546,0.64308114618546,0.64308114618546,0.64308114618546,0.64308114618546,0.64308114618546,0.64308114618546,0.64308114618546,0.64308114618546,0.0
jedit-4.0.csv balance,0.7062256502008366,0.6892679423586245,0.6892679423586245,0.6892679423586245,0.7062256502008366,0.7062256502008366,0.7062256502008366,0.6070232487495988,0.7062256502008366,0.7062256502008366,0.6070232487495988,0.6892679423586245,0.6912180977030493,0.7062256502008366,0.7062256502008366,0.7062256502008366,0.03064408897095738
jedit-4.0.csv balance,0.648667098138665,0.674283265437607,0.674283265437607,0.674283265437607,0.674283265437607,0.674283265437607,0.674283265437607,0.674283265437607,0.674283265437607,0.674283265437607,0.648667098138665,0.674283265437607,0.6717216487077128,0.674283265437607,0.674283265437607,0.674283265437607,0.008100543358858008
jedit-4.0.csv balance,0.7445013856378099,0.7445013856378099,0.7445013856378099,0.7445013856378099,0.7445013856378099,0.7445013856378099,0.7445013856378099,0.7445013856378099,0.7445013856378099,0.7445013856378099,0.7445013856378099,0.7445013856378099,0.74450138563781,0.7445013856378099,0.7445013856378099,0.7445013856378099,1.1702778228589004e-16
jedit-4.0.csv balance,0.6778267759700536,0.6778267759700536,0.6778267759700536,0.6778267759700536,0.6778267759700536,0.6778267759700536,0.6778267759700536,0.7113161505525958,0.6778267759700536,0.6778267759700536,0.6778267759700536,0.6778267759700536,0.6811757134283078,0.6778267759700536,0.6778267759700536,0.7113161505525958,0.010590270109538395
jedit-4.0.csv balance,0.707232607268567,0.735360737408119,0.707232607268567,0.707232607268567,0.735360737408119,0.735360737408119,0.707232607268567,0.735360737408119,0.735360737408119,0.707232607268567,0.707232607268567,0.707232607268567,0.7212966723383429,0.7212966723383429,0.735360737408119,0.735360737408119,0.01482482626043573
jedit-4.0.csv balance,0.6860670157360593,0.6860670157360593,0.6860670157360593,0.6860670157360593,0.6860670157360593,0.6860670157360593,0.6860670157360593,0.6860670157360593,0.6860670157360593,0.6860670157360593,0.6860670157360593,0.6860670157360593,0.6860670157360593,0.6860670157360593,0.6860670157360593,0.6860670157360593,0.0
jedit-4.0.csv balance,0.6388694300269964,0.6388694300269964,0.6388694300269964,0.6388694300269964,0.6388694300269964,0.6388694300269964,0.6388694300269964,0.6388694300269964,0.6388694300269964,0.6388694300269964,0.6388694300269964,0.6388694300269964,0.6388694300269965,0.6388694300269964,0.6388694300269964,0.6388694300269964,1.1702778228589004e-16
jedit-4.0.csv balance,0.6477530240033771,0.6477530240033771,0.6477530240033771,0.6477530240033771,0.6477530240033771,0.6477530240033771,0.6477530240033771,0.6477530240033771,0.6477530240033771,0.6477530240033771,0.6477530240033771,0.6477530240033771,0.6477530240033771,0.6477530240033771,0.6477530240033771,0.6477530240033771,0.0
jedit-4.1.csv balance,0.7236858286479004,0.7236858286479004,0.7236858286479004,0.7236858286479004,0.7236858286479004,0.7105600058663599,0.7236858286479004,0.7105600058663599,0.7236858286479004,0.676904674176241,0.676904674176241,0.713841461561745,0.7163825486444264,0.7236858286479004,0.7236858286479004,0.7236858286479004,0.014905896942689189
jedit-4.1.csv balance,0.7023857143238101,0.659448892691064,0.659448892691064,0.7071864143890052,0.6322989235361786,0.659448892691064,0.659448892691064,0.6843598808654764,0.659448892691064,0.7023857143238101,0.6322989235361786,0.659448892691064,0.6725861110893601,0.659448892691064,0.6978792559592267,0.7071864143890052,0.02493953881378275
jedit-4.1.csv balance,0.6413184680406526,0.6924015129877081,0.6924015129877081,0.6413184680406526,0.6924015129877081,0.6413184680406526,0.6924015129877081,0.6413184680406526,0.6924015129877081,0.6413184680406526,0.6413184680406526,0.6413184680406526,0.6668599905141803,0.6668599905141803,0.6924015129877081,0.6924015129877081,0.02692312864157514
jedit-4.1.csv balance,0.6717047399401299,0.6496033993061894,0.6717047399401299,0.6496033993061894,0.6717047399401299,0.6496033993061894,0.6717047399401299,0.6935870614858294,0.6717047399401299,0.6717047399401299,0.6496033993061894,0.6551287344646746,0.6672625699045177,0.6717047399401299,0.6717047399401299,0.6935870614858294,0.013932037513223838
jedit-4.1.csv balance,0.6565145251453549,0.7423529662723868,0.6260170351123472,0.6204067582292268,0.6635046428554492,0.6476851529948434,0.5675072560418728,0.6476851529948434,0.5737998592427456,0.6991666131424735,0.5675072560418728,0.6218093274500068,0.6444639962031543,0.6476851529948434,0.6617571134279256,0.7423529662723868,0.05263917121638702
jedit-4.1.csv balance,0.508005253060543,0.508005253060543,0.526552542590135,0.526552542590135,0.526552542590135,0.526552542590135,0.48923249834222915,0.526552542590135,0.526552542590135,0.508005253060543,0.48923249834222915,0.508005253060543,0.5172563513064667,0.526552542590135,0.526552542590135,0.526552542590135,0.013168142641000838
jedit-4.1.csv balance,0.6665430720389625,0.6665430720389625,0.6665430720389625,0.6665430720389625,0.6665430720389625,0.6665430720389625,0.6665430720389625,0.6665430720389625,0.6665430720389625,0.6665430720389625,0.6665430720389625,0.6665430720389625,0.6665430720389625,0.6665430720389625,0.6665430720389625,0.6665430720389625,0.0
jedit-4.1.csv balance,0.5972717012120603,0.5972717012120603,0.5972717012120603,0.5972717012120603,0.5972717012120603,0.5972717012120603,0.5972717012120603,0.5972717012120603,0.5972717012120603,0.5972717012120603,0.5972717012120603,0.5972717012120603,0.5972717012120603,0.5972717012120603,0.5972717012120603,0.5972717012120603,0.0
jedit-4.1.csv balance,0.5754625280081639,0.5754625280081639,0.5754625280081639,0.5725161372205338,0.5754625280081639,0.5533713546866879,0.5533713546866879,0.5754625280081639,0.5725161372205338,0.5533713546866879,0.5533713546866879,0.5581575503201494,0.568245897854195,0.5739893326143488,0.5754625280081639,0.5754625280081639,0.010331315640182014
jedit-4.1.csv balance,0.7408462525450488,0.7408462525450488,0.7408462525450488,0.7408462525450488,0.7408462525450488,0.7408462525450488,0.7408462525450488,0.7408462525450488,0.7408462525450488,0.7408462525450488,0.7408462525450488,0.7408462525450488,0.7408462525450489,0.7408462525450488,0.7408462525450488,0.7408462525450488,1.1702778228589004e-16
jedit-4.2.csv balance,0.6081195935566479,0.6081195935566479,0.6081195935566479,0.6081195935566479,0.6081195935566479,0.6081195935566479,0.6081195935566479,0.6081195935566479,0.6081195935566479,0.6081195935566479,0.6081195935566479,0.6081195935566479,0.6081195935566479,0.6081195935566479,0.6081195935566479,0.6081195935566479,0.0
jedit-4.2.csv balance,0.7760976844389942,0.7760976844389942,0.7760976844389942,0.7760976844389942,0.7760976844389942,0.7760976844389942,0.7760976844389942,0.7760976844389942,0.7760976844389942,0.7760976844389942,0.7760976844389942,0.7760976844389942,0.7760976844389942,0.7760976844389942,0.7760976844389942,0.7760976844389942,0.0
jedit-4.2.csv balance,0.5239308566962864,0.5276279388437487,0.5239308566962864,0.44883390870417594,0.5239308566962864,0.5239308566962864,0.48642327835321497,0.5239308566962864,0.44883390870417594,0.5276279388437487,0.44883390870417594,0.4958001729389828,0.5059001256930495,0.5239308566962864,0.5239308566962864,0.5276279388437487,0.03242458918838611
jedit-4.2.csv balance,0.6148935025175817,0.6148935025175817,0.6148935025175817,0.6148935025175817,0.6148935025175817,0.6148935025175817,0.6148935025175817,0.6148935025175817,0.6148935025175817,0.6148935025175817,0.6148935025175817,0.6148935025175817,0.6148935025175817,0.6148935025175817,0.6148935025175817,0.6148935025175817,0.0
jedit-4.2.csv balance,0.5174000667271044,0.5174000667271044,0.5174000667271044,0.5174000667271044,0.5174000667271044,0.5174000667271044,0.5174000667271044,0.5174000667271044,0.5174000667271044,0.5174000667271044,0.5174000667271044,0.5174000667271044,0.5174000667271044,0.5174000667271044,0.5174000667271044,0.5174000667271044,0.0
jedit-4.2.csv balance,0.60489101362901,0.60489101362901,0.60489101362901,0.60489101362901,0.60489101362901,0.60489101362901,0.60489101362901,0.6515410912157488,0.60489101362901,0.60489101362901,0.60489101362901,0.60489101362901,0.6095560213876838,0.60489101362901,0.60489101362901,0.6515410912157488,0.014752049819766565
jedit-4.2.csv balance,0.5835462700128762,0.5835462700128762,0.5835462700128762,0.5835462700128762,0.5835462700128762,0.5835462700128762,0.5835462700128762,0.5835462700128762,0.6187358334624586,0.5835462700128762,0.5835462700128762,0.5835462700128762,0.5870652263578344,0.5835462700128762,0.5835462700128762,0.6187358334624586,0.011127917036769235
jedit-4.2.csv balance,0.7675022309353756,0.7675022309353756,0.7675022309353756,0.7675022309353756,0.7675022309353756,0.7675022309353756,0.7675022309353756,0.7675022309353756,0.7675022309353756,0.7675022309353756,0.7675022309353756,0.7675022309353756,0.7675022309353757,0.7675022309353756,0.7675022309353756,0.7675022309353756,1.1702778228589004e-16
jedit-4.2.csv balance,0.6451692934340978,0.6451692934340978,0.6451692934340978,0.6451692934340978,0.6451692934340978,0.6451692934340978,0.6451692934340978,0.6451692934340978,0.6451692934340978,0.6451692934340978,0.6451692934340978,0.6451692934340978,0.6451692934340978,0.6451692934340978,0.6451692934340978,0.6451692934340978,0.0
jedit-4.2.csv balance,0.5611136939667086,0.5611136939667086,0.5611136939667086,0.5611136939667086,0.5611136939667086,0.5611136939667086,0.5611136939667086,0.5611136939667086,0.5611136939667086,0.5611136939667086,0.5611136939667086,0.5611136939667086,0.5611136939667086,0.5611136939667086,0.5611136939667086,0.5611136939667086,0.0
